Page,Edits,Editors,Views
"Всеросійська державна телевізійна і радіомовна компанія",0,0,175777
"НТВ",0,0,116623
"YouTube",2,2,110219
"Таємне Товариство Боягузів, або Засіб від переляку № 9",8,8,107675
"Україна",12,9,90453
"Єлизавета II",8,5,89848
"Чорнобильська катастрофа",15,12,83978
"Філіп, герцог Единбурзький",71,31,72741
"Гай Юлій Цезар",6,2,72679
"Шевченко Тарас Григорович",4,2,66777
"Друга світова війна",0,0,51084
"Населення України",2,2,49224
"Леся Українка",5,5,48513
"Перший канал (Росія)",0,0,45592
"Легка атлетика",5,4,44656
"Амінокислоти",15,7,42714
"Класицизм",2,1,42059
"Чарлі і шоколадна фабрика",2,2,41363
"Великдень",12,8,41148
"Міщанин-шляхтич",10,7,40515
"Київ",2,2,39766
"НАТО",3,1,39693
"Facebook",10,6,39643
"Усмішка (оповідання)",3,3,39021
"Благовіщення",2,2,38702
"Чарлі і шоколадна фабрика (фільм)",5,3,38175
"Грушевський Михайло Сергійович",6,4,38069
"Прислівник",0,0,37820
"Радіо «Свобода»",0,0,37807
"Екосистема",0,0,36891
"Вірус",7,5,36381
"Революція гідності",4,3,35397
"Природна зона",0,0,35373
"Вербна неділя (християнство)",3,3,35083
"Білки",1,1,34948
"Галицько-Волинське князівство",9,7,34537
"Мішані ліси України",0,0,34309
"Чарльз, принц Уельський",5,5,33724
"Євразія",2,2,33301
"Маруся Чурай (роман)",0,0,32998
"Октавіан Август",5,4,32666
"Шпага Славка Беркути",13,7,32593
"Сполучені Штати Америки",1,1,32582
"Війна на сході України",5,4,31990
"Збройні сили України",1,1,31663
"Велика Британія",1,1,31534
"Бароко",0,0,31161
"14-та гренадерська дивізія Ваффен СС «Галичина»",5,5,31145
"Солі (хімія)",4,2,31099
"Карлес Пучдемон",1,1,31062
"Данило Галицький",7,5,30961
"Покритонасінні",5,4,30893
"Список президентів України",0,0,30843
"Рей Бредбері",0,0,30782
"Умовний рефлекс",0,0,30613
"Дніпро",8,7,30478
"Український степ",2,2,30448
"Чорне море",5,5,30237
"Костенко Ліна Василівна",7,5,29981
"Список країн за населенням",3,2,29744
"Втрати силових структур внаслідок російського вторгнення в Україну (з січня 2021 року)",0,0,29331
"Революція 1905—1907",0,0,29173
"Голонасінні",6,2,29066
"Ґрунт",1,1,28931
"Волейбол",3,3,28895
"Числівник",0,0,28784
"Кодифікатор адміністративно-територіальних одиниць та територій територіальних громад",2,2,28682
"Василенко Єлизавета Вадимівна",23,18,28182
"Роальд Дал",8,6,28102
"Займенник",7,5,28071
"Іван Мазепа",6,4,27758
"Біосфера",0,0,27721
"Столипінська реформа",0,0,27665
"Оцтова кислота",0,0,27538
"Куліш Пантелеймон Олександрович",18,7,27455
"Танці з зірками",5,4,27164
"Османська імперія",4,2,26859
"Міграція населення",0,0,26762
"Міста України (за населенням)",1,1,26614
"Поведінка",2,2,26542
"Римська імперія",7,2,26339
"Український лісостеп",1,1,26301
"Жири",0,0,26263
"Європейський Союз",1,1,26182
"Сполучник",0,0,26091
"Велике князівство Литовське",1,1,25990
"Київська Русь",6,3,25961
"Населення Землі",1,1,25886
"Місце для дракона",0,0,25864
"Яворівський Володимир Олександрович",31,13,25837
"Список об'єктів Світової спадщини ЮНЕСКО в Україні",0,0,25508
"Гриби",2,2,25459
"Пігмаліон (п'єса)",2,2,25440
"Українські політичні партії (до 1922 року)",2,2,25316
"Тичина Павло Григорович",8,5,25253
"Екологічні фактори",0,0,25211
"Чорна рада (роман)",0,0,25162
"Шістдесятники",0,0,25089
"Канада",0,0,25084
"Лісова пісня",3,2,25082
".torrent",?,?,25018
"Стус Василь Семенович",?,?,25006
"Львів",?,?,24912
"Мольєр",?,?,24846
"Німеччина",?,?,24830
"Йоганн Гутенберг",?,?,24688
"Організація українських націоналістів",?,?,24595
"Сталий розвиток",?,?,24510
"Стародавній Рим",?,?,24393
"Закон Архімеда",?,?,24348
"Польща",?,?,24164
"Музей мистецтва Метрополітен",?,?,24106
"Урбанізація",?,?,24081
"Просвітництво",?,?,24050
"Список 250 найрейтинговіших фільмів IMDb",?,?,24049
"Романтизм",?,?,24046
"Цвєтаєва Марина Іванівна",?,?,24001
"Азовське море",?,?,23863
"Ланцюг живлення",?,?,23830
"Послідовне і паралельне з'єднання провідників",?,?,23794
"Пакт Молотова — Ріббентропа",?,?,23754
"Холодна війна",?,?,23455
"Основи (хімія)",?,?,23435
"Чарівна крамниця",?,?,23314
"Тихий океан",?,?,23306
"Instagram",?,?,23303
"Глюкоза",?,?,23107
"Булгаков Михайло Опанасович",?,?,22593
"Однорідні члени речення",?,?,22583
"Діана, принцеса Уельська",?,?,22363
"Постмодернізм",?,?,22359
"Вуглеводи",?,?,22316
"Гагарін Юрій Олексійович",?,?,22276
"Карбонові кислоти",?,?,22237
"Чикатило Андрій Романович",?,?,22228
"Богдан Хмельницький",?,?,22128
"Аліса у Дивокраї",?,?,21972
"Прийменник",?,?,21967
"Винниченко Володимир Кирилович",?,?,21817
"Російсько-українська війна (з 2014)",?,?,21401
"Кислоти",?,?,21324
"Луги (хімія)",?,?,21309
"Софійський собор (Київ)",?,?,21196
"Баскетбол",?,?,21111
"Італія",?,?,20995
"Бандера Степан Андрійович",?,?,20887
"Пунічні війни",?,?,20725
"Маленький принц",?,?,20675
"Епітет",?,?,20544
"Олег Ольжич",?,?,20399
"Червона книга України",?,?,20361
"Помаранчева революція",?,?,20266
"Анна (принцеса Великої Британії)",?,?,20252
"Християнство",?,?,20241
"Болото",?,?,20177
"Маска (телешоу, Україна)",?,?,20134
"Права людини",?,?,19958
"Українська абетка",?,?,19826
"Японія",?,?,19738
"Яйцеклітина",?,?,19632
"Густота населення України",?,?,19562
"Перекладач",?,?,19553
"Око",?,?,19473
"Промислова революція",?,?,19430
"Десять заповідей",?,?,19430
"Неймовірні пригоди Івана Сили",?,?,19324
"Чорнобиль",?,?,19303
"Перша світова війна",?,?,19135
"Вікова структура населення України",?,?,19133
"Природні заповідники України",?,?,19118
"Бернард Шоу",?,?,19056
"Список українських чоловічих імен",?,?,19010
"Крохмаль",?,?,18997
"Список об'єктів Світової спадщини ЮНЕСКО в Європі",?,?,18979
"Бактерії",?,?,18963
"Рильський Максим Тадейович",?,?,18944
"451 градус за Фаренгейтом",?,?,18862
"Демократія",?,?,18861
"Шолом-Алейхем",?,?,18818
"Росія",?,?,18808
"Економіка Сполучених Штатів Америки",?,?,18799
"Оксиди",?,?,18775
"Туреччина",?,?,18757
"Сенсорна система",?,?,18725
"Відродження",?,?,18592
"Ілон Маск",?,?,18556
"Георг VI",?,?,18380
"Аміни",?,?,18369
"Німецько-радянська війна",?,?,18359
"Франція",?,?,18258
"Франко Іван Якович",?,?,18151
"Приват24",?,?,18102
"Вода",?,?,18102
"Вакцина AstraZeneca проти COVID-19",?,?,18064
"Асканія-Нова (заповідник)",?,?,18039
"Секс",?,?,18003
"Типи озер",?,?,17954
"Адміністративна відповідальність",?,?,17948
"Тритенко Олексій Олександрович",?,?,17934
"Революційна українська партія",?,?,17900
"Арестович Олексій Миколайович",?,?,17789
"Теліга Олена Іванівна",?,?,17780
"Олімпійські ігри",?,?,17695
"Полімери",?,?,17662
"Андрей (Шептицький)",?,?,17569
"Союз Радянських Соціалістичних Республік",?,?,17568
"Прийменник в українській мові",?,?,17561
"Кримське ханство",?,?,17499
"Список українських жіночих імен",?,?,17489
"Антуан де Сент-Екзюпері",?,?,17463
"Конституція України",?,?,17463
"Список країн Європейського Союзу",?,?,17454
"Список літературних творів Тараса Шевченка",?,?,17425
"Атлантичний океан",?,?,17405
"Новела",?,?,17397
"Адміністративне стягнення",?,?,17369
"Маргарет (принцеса Великої Британії)",?,?,17358
"Мохи",?,?,17294
"Автомобільна промисловість в США",?,?,17282
"Козацькі літописи",?,?,17230
"Хома Михайло Степанович",?,?,17222
"Мумі-тролі",?,?,17094
"Українська повстанська армія",?,?,17085
"Александр Македонський",?,?,17075
"Папоротеподібні",?,?,17053
"Структура білків",?,?,17041
"Підземні води",?,?,17037
"Лелека білий",?,?,16973
"Конституція Пилипа Орлика",?,?,16943
"Забруднення повітря",?,?,16923
"Ukr.net",?,?,16841
"Останній листок",?,?,16824
"Вороний Микола Кіндратович",?,?,16772
"Річка",?,?,16770
"Кирило Розумовський",?,?,16728
"Пам'ять",?,?,16684
"Римська республіка",?,?,16639
"Глібов Леонід Іванович",?,?,16635
"Руїна",?,?,16629
"Спирти",?,?,16597
"Темперамент",?,?,16584
"Голодомор в Україні (1932—1933)",?,?,16566
"Адольф Гітлер",?,?,16553
"Воронина Леся Анастасіївна",?,?,16549
"Австралія",?,?,16524
"Катерина (поема)",?,?,16504
"COVID-19 у Полтавській області",?,?,16494
"Зеленський Володимир Олександрович",?,?,16472
"Міграція тварин",?,?,16345
"Цикл (програмування)",?,?,16332
"Екологія",?,?,16323
"Зовнішня торгівля України",?,?,16322
"Українська діаспора",?,?,16276
"Річ Посполита",?,?,16271
"Популяція",?,?,16260
"Повість временних літ",?,?,16185
"Національна поліція України",?,?,16165
"Гетьманщина",?,?,16153
"Ніч перед боєм",?,?,16103
"Карпатська Україна",?,?,16099
"Ендрю, герцог Йоркський",?,?,16099
"Тютюнник Григір Михайлович",?,?,16030
"Бразилія",?,?,16019
"Надзвичайна ситуація",?,?,16014
"Спадкування",?,?,15982
"Природний приріст населення",?,?,15960
"Корольов Сергій Павлович",?,?,15941
"Олександр Олесь",?,?,15898
"Конфлікт",?,?,15828
"Євромайдан",?,?,15821
"Кива Ілля Володимирович",?,?,15818
"Транспорт України",?,?,15789
"Правопорушення",?,?,15688
"Організація Об'єднаних Націй",?,?,15588
"Розчин",?,?,15584
"Взаємовідносини між організмами",?,?,15549
"Кревська унія",?,?,15516
"Попит і пропозиція",?,?,15493
"Сковорода Григорій Савич",?,?,15491
"Культура",?,?,15447
"Алегорія",?,?,15402
"Реформи Петра I",?,?,15398
"Рефлекс",?,?,15391
"Роксолана",?,?,15355
"Путін Володимир Володимирович",?,?,15345
"Історія України",?,?,15293
"Ґрунти України",?,?,15277
"Острозький Костянтин Іванович",?,?,15242
"Катерина II",?,?,15208
"Льюїс Керрол",?,?,15191
"Індія",?,?,15180
"Економіка України",?,?,15143
"Етанол",?,?,15138
"Складне речення",?,?,15094
"Українська греко-католицька церква",?,?,15084
"Оскар (93-тя церемонія вручення)",?,?,15069
"Англійська мова",?,?,15067
"Глобалізація",?,?,15015
"Нормативно-правовий акт",?,?,15015
"Машинобудування",?,?,14967
"Мітоз",?,?,14953
"Рамадан",?,?,14946
"Есе",?,?,14939
"Селекція",?,?,14919
"Тварини",?,?,14883
"Мегалополіс",?,?,14880
"Сульфатна кислота",?,?,14819
"Громадянське суспільство",?,?,14802
"Російська імперія",?,?,14786
"Неоподатковуваний мінімум",?,?,14785
"Сахароза",?,?,14777
"Довженко Олександр Петрович",?,?,14774
"Артюр Рембо",?,?,14763
"Маркетинг",?,?,14747
"Інфекційні захворювання",?,?,14731
"Українська Народна Республіка",?,?,14695
"Список померлих 2021 року",?,?,14689
"Проголошення незалежності України 1991",?,?,14688
"OLX",?,?,14628
"Ісус Христос",?,?,14613
"Список країн Європи за площею",?,?,14593
"Сонце",?,?,14562
"Монгольська навала на Русь",?,?,14537
"Українська радикальна партія (1890)",?,?,14520
"Єгипет",?,?,14512
"Частка (мовознавство)",?,?,14508
"Сперматозоїд",?,?,14460
"Розмноження",?,?,14453
"Українська мова",?,?,14448
"Міста України (за алфавітом)",?,?,14402
"Каденюк Леонід Костянтинович",?,?,14348
"Адміністративне правопорушення",?,?,14315
"Києво-Печерська лавра",?,?,14274
"Помірний кліматичний пояс",?,?,14268
"Океан",?,?,14235
"Туберкульоз",?,?,14219
"Янукович Віктор Федорович",?,?,14191
"Політична партія",?,?,14180
"Список країн за площею",?,?,14170
"Ернест Хемінгуей",?,?,14147
"Ринкова економіка",?,?,14135
"Одеса",?,?,14133
"Кримські гори",?,?,14128
"Оснащення Сухопутних військ України",?,?,14087
"Нервова система",?,?,14086
"Фах (повість)",?,?,14067
"Тіна Кароль",?,?,14048
"Степ",?,?,14039
"Мутація",?,?,14028
"Поділи Речі Посполитої",?,?,13982
"Лісостеп",?,?,13980
"Чорнобильська атомна електростанція",?,?,13977
"Прикметник",?,?,13973
"Поль Верлен",?,?,13966
"Сім чудес України",?,?,13925
"Дієслово",?,?,13917
"Сонячна система",?,?,13897
"Morgenshtern",?,?,13884
"Українське бароко",?,?,13877
"Писанка",?,?,13869
"Економіка Канади",?,?,13792
"Кіновсесвіт Marvel",?,?,13783
"Футбол",?,?,13737
"Верховна Рада України",?,?,13736
"Цукровий діабет",?,?,13732
"Коліївщина",?,?,13728
"Слов'яни",?,?,13716
"Ляльковий дім",?,?,13705
"Ющенко Віктор Андрійович",?,?,13686
"Корупція",?,?,13653
"Держава",?,?,13605
"Петро I",?,?,13574
"Карпати",?,?,13547
"Реєстраційний номер облікової картки платника податків",?,?,13538
"Голос країни",?,?,13465
"Перебудова",?,?,13424
"Українська Радянська Соціалістична Республіка",?,?,13407
"Символізм",?,?,13399
"Голокост",?,?,13395
"Сулейман I Пишний",?,?,13381
"Типи екосистем",?,?,13372
"Гліцерин",?,?,13368
"Розстріляне відродження",?,?,13367
"Стефаник Василь Семенович",?,?,13315
"Світова спадщина ЮНЕСКО",?,?,13287
"Середньовічна освіта",?,?,13268
"Хлоридна кислота",?,?,13264
"Центри походження культурних рослин",?,?,13247
"Членство України в міжнародних організаціях",?,?,13244
"Винничук Юрій Павлович",?,?,13212
"Слухова система людини",?,?,13185
"Африка",?,?,13167
"Електричний струм",?,?,13142
"Герберт Веллс",?,?,13140
"Обставина",?,?,13132
"Області України",?,?,13099
"Тундра",?,?,13082
"Тев'є-молочар",?,?,13077
"Освічений абсолютизм",?,?,13051
"Прикладка",?,?,13050
"Демографічна політика",?,?,13028
"Реалізм",?,?,13026
"Вільям, герцог Кембриджський",?,?,12994
"Харків",?,?,12973
"Повість",?,?,12957
"Едвард, граф Уессекський",?,?,12953
"Еукаріоти",?,?,12949
"Культура Стародавнього Риму",?,?,12947
"Гарік Корогодський",?,?,12925
"Сім чудес світу",?,?,12919
"Порошенко Петро Олексійович",?,?,12897
"Сучасна українська література",?,?,12892
"Закони Ньютона",?,?,12889
"День Землі",?,?,12884
"Код ЄДРПОУ",?,?,12857
"Закон збереження енергії",?,?,12833
"Бігові види легкої атлетики",?,?,12827
"Паска",?,?,12808
"Екологічна проблема",?,?,12724
"Єлизавета Боуз-Лайон",?,?,12700
"Запорозька Січ",?,?,12697
"Целюлоза",?,?,12692
"Південно-Африканська Республіка",?,?,12688
"Природний комплекс",?,?,12685
"Анілін",?,?,12674
"Кооперативний рух в Україні",?,?,12661
"Військові звання України",?,?,12634
"Інстинкт",?,?,12632
"Міжнародні відносини",?,?,12629
"Українська думська громада",?,?,12623
"Додаток (мовознавство)",?,?,12623
"Айзек Азімов",?,?,12613
"О. Генрі",?,?,12606
"Малоросійська колегія",?,?,12578
"Льодовик",?,?,12575
"Дунай",?,?,12537
"Кисень",?,?,12533
"Диктатура Гая Юлія Цезаря",?,?,12502
"Українські Карпати",?,?,12501
"Українське національне відродження",?,?,12481
"Склад злочину",?,?,12477
"Трипільська культура",?,?,12468
"Кравчук Леонід Макарович",?,?,12464
"Астрід Ліндгрен",?,?,12442
"Родовий відмінок однини іменників чоловічого роду другої відміни",?,?,12439
"Статеве розмноження",?,?,12437
"Емоція",?,?,12422
"Верба",?,?,12420
"Віково-статева піраміда",?,?,12419
"Густота населення",?,?,12402
"Члени речення",?,?,12397
"Норма права",?,?,12350
"Роберт Шеклі",?,?,12323
"Google Classroom",?,?,12313
"Мюнхенська угода",?,?,12308
"Гуманізм",?,?,12302
"Список озер України",?,?,12300
"Фотоефект",?,?,12290
"Вища нервова діяльність",?,?,12285
"Літопис Самійла Величка",?,?,12266
"Мацуо Басьо",?,?,12260
"Тайга",?,?,12257
"Аб'юзивні стосунки",?,?,12231
"Байкал",?,?,12215
"Закарпатська область",?,?,12201
"ВІЛ/СНІД",?,?,12174
"Китай",?,?,12147
"Нова економічна політика",?,?,12128
"Закон збереження імпульсу",?,?,12128
"Симоненко Василь Андрійович",?,?,12125
"Середньовіччя",?,?,12123
"Товариство «Сокіл» (Україна)",?,?,12080
"Фемінізм",?,?,12069
"Дніпро (місто)",?,?,12064
"Фотосинтез",?,?,12061
"Дари волхвів",?,?,12039
"Життєві форми рослин",?,?,12015
"Метали",?,?,11984
"Співдружність Незалежних Держав",?,?,11980
"Австрія",?,?,11957
"Ґодзілла проти Конга",?,?,11934
"Слобідська Україна",?,?,11921
"Національний склад населення України",?,?,11919
"Rutracker.org",?,?,11915
"Імпресіонізм",?,?,11902
"Сталін Йосип Віссаріонович",?,?,11879
"Урбанізаційні процеси в Україні",?,?,11878
"Туве Янссон",?,?,11869
"Географічна оболонка",?,?,11860
"Біологічні ритми",?,?,11860
"Мислення",?,?,11848
"Симфонія",?,?,11823
"Вухо",?,?,11814
"Харчова промисловість України",?,?,11758
"Однодольні",?,?,11744
"Список країн світу",?,?,11734
"Монополія",?,?,11723
"Собаче серце",?,?,11722
"Товариство «Просвіта» (1868—1939)",?,?,11715
"Регенерація (біологія)",?,?,11712
"Підприємництво",?,?,11703
"Корисні копалини України",?,?,11676
"Товариство українських поступовців",?,?,11669
"Квітка Цісик",?,?,11654
"Minecraft",?,?,11650
"Петрожицька Дар'я Сергіївна",?,?,11646
"Магдебурзьке право",?,?,11617
"Свідомість",?,?,11608
"Екзистенціалізм",?,?,11588
"Рослини Червоної книги України",?,?,11565
"Івано-Франківськ",?,?,11558
"Огнєвіч Злата Леонідівна",?,?,11546
"Республіка",?,?,11502
"Трансплантація",?,?,11495
"Промисловість України",?,?,11494
"Філософія",?,?,11490
"Богдан Андрій Йосипович",?,?,11488
"Українська народна партія (1902)",?,?,11457
"Ендокринні залози",?,?,11423
"Дієприкметник",?,?,11421
"Ізраїль",?,?,11421
"Модернізм",?,?,11398
"Складнопідрядне речення",?,?,11367
"Північна Америка",?,?,11324
"Мона Ліза",?,?,11319
"Мило",?,?,11319
"Засоби масової інформації",?,?,11315
"Давньоримська архітектура",?,?,11315
"Дрозд Володимир Григорович",?,?,11300
"Московське царство",?,?,11288
"Розподіл державної влади",?,?,11266
"Гуситські війни",?,?,11257
"Вінстон Черчилль",?,?,11254
"Індійський океан",?,?,11253
"Політика умиротворення",?,?,11248
"Місцеве самоврядування в Україні",?,?,11242
"Державний кордон України",?,?,11227
"Економіка",?,?,11221
"Світова організація торгівлі",?,?,11211
"Війна за незалежність США",?,?,11206
"Ярослав Мудрий",?,?,11203
"День матері",?,?,11200
"Інтроверсія — екстраверсія",?,?,11197
"Список країн за густотою населення",?,?,11171
"Словосполучення",?,?,11164
"Тоталітаризм",?,?,11162
"Скоропадський Павло Петрович",?,?,11161
"Список кодів МКХ-10",?,?,11160
"Мейоз",?,?,11157
"Машинобудування України",?,?,11133
"Запліднення",?,?,11098
"Демографічний вибух",?,?,11094
"Означення (мовознавство)",?,?,11077
"Гідроксид натрію",?,?,11076
"Троїстий союз",?,?,11064
"Вірус імунодефіциту людини",?,?,11055
"Глобальні проблеми людства",?,?,11051
"Кунілінгус",?,?,11050
"Озеро",?,?,11040
"Українські прізвища",?,?,11022
"Продуценти (організми)",?,?,11021
"Анексія Криму (2014)",?,?,11019
"Українська соціал-демократична робітнича партія",?,?,11010
"Проліски",?,?,11001
"Геополітика",?,?,11000
"Сифіліс",?,?,10984
"Біткоїн",?,?,10975
"Радянська анексія західноукраїнських земель",?,?,10964
"Іван IV Грозний",?,?,10958
"Радіоактивність",?,?,10950
"Населення Сполучених Штатів Америки",?,?,10948
"Інтернет",?,?,10934
"Тероризм",?,?,10930
"Українські землі у складі Польської республіки 1919–1939",?,?,10918
"Оповідання",?,?,10913
"Література бароко",?,?,10894
"Список президентів США",?,?,10884
"Полісся",?,?,10882
"Головний мозок людини",?,?,10873
"Симбіоз",?,?,10858
"Список областей України за чисельністю населення",?,?,10853
"Лобізм",?,?,10853
"Природний добір",?,?,10850
"Антанта",?,?,10845
"Організм",?,?,10844
"Літопис",?,?,10841
"Мова тварин",?,?,10834
"Війна у В'єтнамі",?,?,10824
"Потужність електричного струму",?,?,10821
"Сон",?,?,10811
"Біосферні заповідники України",?,?,10805
"Повітряні сили Збройних сил України",?,?,10804
"Азія",?,?,10792
"Список річок України",?,?,10780
"Список позначень у фізиці",?,?,10777
"Австро-Угорщина",?,?,10775
"Модифікаційна мінливість",?,?,10774
"Стрес",?,?,10768
"Ліквідація Запорозької Січі (1775)",?,?,10761
"Злочин",?,?,10759
"Кучма Леонід Данилович",?,?,10750
"Директорія Української Народної Республіки",?,?,10743
"Електричний опір",?,?,10742
"Міжнародна система одиниць (SI)",?,?,10741
"Вставне слово",?,?,10739
"Акутаґава Рюноске",?,?,10733
"Залізо",?,?,10724
"Підсніжник",?,?,10709
"Податок",?,?,10690
"Революція 1905—1907 в Україні",?,?,10687
"Лисенко Микола Віталійович",?,?,10686
"Розпад СРСР",?,?,10685
"Фірцак Іван Федорович",?,?,10669
"Гуцало Євген Пилипович",?,?,10665
"Біуретова реакція",?,?,10646
"Кобзар (збірка)",?,?,10636
"Економіка Бразилії",?,?,10631
"Рим",?,?,10620
"Дієприслівник",?,?,10620
"Гер переможений (новела)",?,?,10603
"Шухевич Роман Осипович",?,?,10597
"Прямокутний трикутник",?,?,10595
"Ссавці",?,?,10591
"Забруднення вод",?,?,10580
"Гаррі, герцог Сассекський",?,?,10564
"Нові індустріальні країни",?,?,10559
"Пневмонія",?,?,10553
"Мішаний ліс",?,?,10538
"Правила вживання апострофа в українській мові",?,?,10526
"Telegram",?,?,10518
"Закони Менделя",?,?,10512
"Друга Пунічна війна",?,?,10498
"Естери",?,?,10490
"Митькозавр із Юрківки, або химера лісового озера",?,?,10486
"Кліматичний пояс",?,?,10483
"Велика Північна війна",?,?,10473
"Оргазм",?,?,10472
"База даних",?,?,10459
"Галактика",?,?,10456
"Інфляція",?,?,10451
"Автомобільна промисловість у Канаді",?,?,10442
"Будапештський меморандум",?,?,10438
"Атмосферний тиск",?,?,10429
"Піхва жінки",?,?,10424
"Моріс Метерлінк",?,?,10418
"Хвороби, що передаються статевим шляхом",?,?,10414
"Лібералізм",?,?,10410
"Від пацанки до панянки",?,?,10403
"Вікторія (королева Великої Британії)",?,?,10401
"Спинний мозок",?,?,10397
"Прокаріоти",?,?,10391
"Каспійське море",?,?,10383
"Тиск",?,?,10350
"Історія",?,?,10349
"Сапротрофи",?,?,10343
"Світовий океан",?,?,10324
"Західноукраїнська Народна Республіка",?,?,10294
"Особистість",?,?,10292
"Культура XX століття",?,?,10290
"Складносурядне речення",?,?,10286
"Національні меншини в Україні",?,?,10286
"Українська Центральна Рада",?,?,10267
"Фразеологізм",?,?,10264
"Пилип Орлик",?,?,10264
"Присудок",?,?,10253
"Археї",?,?,10252
"Президент України",?,?,10251
"Хайку",?,?,10232
"Європа",?,?,10205
"Шарль Бодлер",?,?,10203
"Камінний хрест (новела)",?,?,10196
"Релігія",?,?,10191
"Юридична відповідальність",?,?,10187
"Латинська Америка",?,?,10178
"Наймичка (поема)",?,?,10175
"Батько (фільм, 2020)",?,?,10169
"Клітина",?,?,10161
"Біорізноманіття",?,?,10149
"Шевченко Андрій Миколайович",?,?,10133
"Полтавська битва",?,?,10120
"Катар",?,?,10118
"Екологічні групи рослин",?,?,10105
"Науковий стиль мовлення",?,?,10105
"Мінеральні ресурси Африки",?,?,10083
"Швейцарія",?,?,10082
"Петро Дорошенко",?,?,10073
"Маруся Чурай",?,?,10070
"Цілі сталого розвитку",?,?,10064
"Земля",?,?,10061
"Пустеля",?,?,10058
"Ліквідація автономії Гетьманщини",?,?,10058
"Валовий внутрішній продукт",?,?,10053
"Білорусь",?,?,10053
"Івано-Франківська область",?,?,10046
"Гоголь Микола Васильович",?,?,10046
"Кислотні опади",?,?,10036
"Parimatch",?,?,10028
"Хрещення Русі",?,?,10020
"Дводольні",?,?,9999
"Європейська інтеграція",?,?,9993
"Плазуни",?,?,9992
"Реактивний рух",?,?,9989
"Відокремлені члени речення",?,?,9988
"Динамо (Київ)",?,?,9987
"Кіт свійський",?,?,9985
"Інформація",?,?,9977
"Сільське господарство",?,?,9972
"Сусіди регіонів України",?,?,9957
"Адаптація",?,?,9951
"Західноукраїнські землі в міжвоєнний період у складі Румунії",?,?,9933
"Характер (психологія)",?,?,9926
"Біотехнологія",?,?,9916
"Генотерапія",?,?,9867
"Аутизм",?,?,9853
"Втрати силових структур внаслідок російського вторгнення в Україну",?,?,9843
"Хмельниччина",?,?,9832
"Міжнародна торгівля",?,?,9831
"Дорогою ціною",?,?,9812
"І мертвим, і живим…",?,?,9809
"Володимир Святославич",?,?,9796
"Алое",?,?,9796
"Форма державного правління",?,?,9781
"Суецький канал",?,?,9776
"Данило Апостол",?,?,9770
"Історична демографія України",?,?,9734
"Київська область",?,?,9732
"Лондон",?,?,9717
"Чорнозем",?,?,9716
"Середнє вухо",?,?,9712
"Страсна п'ятниця",?,?,9708
"Атмосфера Землі",?,?,9687
"Антропогенний вплив на природу",?,?,9682
"Леонардо да Вінчі",?,?,9678
"Китайська Народна Республіка",?,?,9669
"Православна церква України",?,?,9669
"Дощові черви",?,?,9667
"Зозулин льон",?,?,9666
"Ліричний герой",?,?,9657
"Природно-заповідний фонд України",?,?,9648
"D-димер",?,?,9639
"Українська кухня",?,?,9631
"Contra spem spero!",?,?,9627
"Травна система",?,?,9623
"Головний мозок",?,?,9613
"Гідроліз",?,?,9612
"Угорщина",?,?,9612
"Вакцина проти COVID-19",?,?,9604
"Водорості",?,?,9604
"Львівська область",?,?,9602
"Рослини",?,?,9595
"Обчислення дати Великодня",?,?,9595
"Кирило-Мефодіївське товариство",?,?,9592
"Іван Скоропадський",?,?,9576
"Гідросфера",?,?,9574
"Ембріональний розвиток",?,?,9572
"Велике князівство Московське",?,?,9559
"Кріпацтво",?,?,9555
"Сільське господарство України",?,?,9553
"Чума",?,?,9537
"Метафора",?,?,9535
"DMX",?,?,9531
"Синій птах (п'єса)",?,?,9528
"Великий четвер",?,?,9526
"Закон Ома",?,?,9521
"Джо Байден",?,?,9513
"Еволюція",?,?,9474
"Сатурація",?,?,9467
"Природний рух населення",?,?,9465
"Океанія",?,?,9460
"Рух опору",?,?,9458
"Війна в Афганістані (1979—1989)",?,?,9453
"Людвіг ван Бетховен",?,?,9453
"Правоохоронні органи",?,?,9442
"Потенціальна енергія",?,?,9427
"Вітаміни",?,?,9413
"Галицько-Волинський літопис",?,?,9383
"Коцюбинський Михайло Михайлович",?,?,9379
"Сосна звичайна",?,?,9378
"Джанні Родарі",?,?,9356
"Конвалія звичайна",?,?,9348
"Біологічна класифікація",?,?,9346
"Корисні копалини",?,?,9345
"Сила струму",?,?,9338
"Едуард VIII",?,?,9331
"Ядерна зброя України",?,?,9319
"Комунікація",?,?,9316
"Павло Полуботок",?,?,9315
"Кровотеча",?,?,9310
"Гібридна війна",?,?,9309
"Кантон (атол)",?,?,9299
"Органи державної влади",?,?,9297
"Буддизм",?,?,9296
"Прискорення",?,?,9276
"Мюзикл",?,?,9276
"Інформаційна безпека",?,?,9273
"Лаура Бассі",?,?,9267
"Каменських Анастасія Олексіївна",?,?,9254
"Національний дендрологічний парк «Софіївка»",?,?,9251
"Пугачова Алла Борисівна",?,?,9250
"Дисидентський рух у СРСР",?,?,9241
"Кримінальна відповідальність",?,?,9238
"Угруповання",?,?,9233
"Увертюра",?,?,9231
"Золоті ворота (Київ)",?,?,9226
"Янцзи",?,?,9200
"Нітратна кислота",?,?,9198
"Гадяцький договір",?,?,9186
"Трудова міграція в Україні",?,?,9180
"Водні рослини",?,?,9175
"Хвороби ендокринної системи",?,?,9175
"Право",?,?,9169
"Внутрішня енергія",?,?,9157
"Судова система України",?,?,9157
"Шизофренія",?,?,9156
"Тищенко Микола Миколайович",?,?,9151
"Роман Мстиславич",?,?,9151
"Потужність",?,?,9150
"Петлюра Симон Васильович",?,?,9139
"Холостяк (реаліті-шоу, Україна)",?,?,9130
"Три зозулі з поклоном (новела)",?,?,9130
"Мистецтво",?,?,9111
"Птахи",?,?,9105
"Галичина",?,?,9103
"Північний Льодовитий океан",?,?,9096
"Дністер",?,?,9089
"Гімн України",?,?,9083
"Алюміній",?,?,9069
"Радянсько-фінська війна (1939—1940)",?,?,9059
"Кривий Ріг",?,?,9058
"ЮНЕСКО",?,?,9058
"Перша Пунічна війна",?,?,9057
"Бельгія",?,?,9049
"Пісня про Гайавату",?,?,9034
"Дорофєєва Надія Володимирівна",?,?,9032
"Фізико-географічне районування України",?,?,9027
"Спадкові захворювання",?,?,9025
"Способи самогубства",?,?,9021
"Києво-Могилянська академія (1659—1817)",?,?,9010
"Ластівка",?,?,8998
"Микола Хвильовий",?,?,8998
"Фантастика",?,?,8998
"Данилко Андрій Михайлович",?,?,8974
"Козаки",?,?,8966
"Іван Сірко",?,?,8966
"Повітря",?,?,8961
"Земля кочівників",?,?,8954
"Прискорення вільного падіння",?,?,8952
"Місто",?,?,8943
"Вінниця",?,?,8935
"Трудовий договір",?,?,8926
"Розмір чоловічого статевого члена",?,?,8924
"Іспанія",?,?,8905
"ВКонтакті",?,?,8903
"Грюнвальдська битва",?,?,8902
"Поліомієліт",?,?,8894
"Чехія",?,?,8882
"Народовці",?,?,8879
"Синонім",?,?,8871
"Переломи кісток",?,?,8866
"Музика",?,?,8865
"Андрусівське перемир'я",?,?,8859
"Реформи Гракхів",?,?,8845
"Фашизм",?,?,8842
"Гірська порода",?,?,8834
"Інтегральний націоналізм",?,?,8833
"Список країн за формою правління",?,?,8810
"Кислотні оксиди",?,?,8810
"Всесвітня історія XX століття",?,?,8808
"Південний Буг",?,?,8807
"Дихання",?,?,8806
"Консумент",?,?,8806
"Період застою",?,?,8806
"Місто (роман)",?,?,8796
"Основні оксиди",?,?,8795
"Земноводні",?,?,8784
"Торф",?,?,8773
"Арктична пустеля",?,?,8760
"Податок на додану вартість",?,?,8760
"Січ (товариство)",?,?,8754
"Гіпофіз",?,?,8753
"Твердість води",?,?,8744
"Карибська криза",?,?,8743
"Павутинка (новела)",?,?,8740
"Безстатеве розмноження",?,?,8716
"Атом",?,?,8707
"Папік (телесеріал)",?,?,8703
"Золота Орда",?,?,8702
"Чумацький Шлях",?,?,8700
"Список держав та залежних територій Євразії",?,?,8682
"Повстання рабів під проводом Спартака",?,?,8663
"Ліс",?,?,8659
"Габрієль Гарсія Маркес",?,?,8658
"Українська революція",?,?,8645
"Полтавська область",?,?,8640
"Гельсінські угоди",?,?,8637
"Список фільмів кінематографічного всесвіту Marvel",?,?,8627
"Частини мови",?,?,8613
"Георг V",?,?,8611
"Природоохоронні території України",?,?,8602
"Монархія",?,?,8597
"Алгоритм",?,?,8597
"Черепні нерви",?,?,8596
"Правовідносини",?,?,8594
"Антонович Володимир Боніфатійович",?,?,8593
"Гліцин",?,?,8590
"Еверест",?,?,8587
"Російсько-грузинська війна (2008)",?,?,8571
"Інформаційні технології",?,?,8569
"Класифікатор об'єктів адміністративно-територіального устрою України",?,?,8532
"Політична система",?,?,8530
"Способи живлення організмів",?,?,8521
"Етнографічні групи українців",?,?,8519
"Монатик Дмитро Сергійович",?,?,8512
"Кров",?,?,8502
"Біологічна мінливість",?,?,8495
"Генрік Ібсен",?,?,8494
"Федеративна держава",?,?,8493
"Кабінет Міністрів України",?,?,8486
"Раціональне природокористування",?,?,8486
"Радянський партизанський рух на території України у часи Другої світової війни",?,?,8483
"Частка (математика)",?,?,8482
"Twitch",?,?,8480
"Кам'янець-Подільський",?,?,8480
"Пономаренко Любов Петрівна",?,?,8475
"Москвофільство",?,?,8472
"Боклан Станіслав Володимирович",?,?,8467
"Онтогенез",?,?,8453
"Детектив (жанр)",?,?,8451
"Служба безпеки України",?,?,8450
"Список річок за довжиною",?,?,8445
"Підзолисті ґрунти",?,?,8440
"Етологія",?,?,8440
"Український кінематограф",?,?,8431
"Психологія",?,?,8426
"Стихійне лихо",?,?,8419
"Test",?,?,8417
"Закарпаття",?,?,8410
"Міжнародна організація",?,?,8403
"Кропивницький",?,?,8398
"Кам'яне вугілля",?,?,8395
"Українські меценати",?,?,8394
"Україна і Європейський Союз",?,?,8394
"Денатурація (біохімія)",?,?,8379
"Картопля",?,?,8370
"Національні природні парки України",?,?,8352
"Список країн НАТО",?,?,8350
"Сім'я",?,?,8335
"Європейська культура XIX століття",?,?,8335
"Тернопіль",?,?,8332
"Комахи",?,?,8319
"Комп'ютер",?,?,8318
"Українська Держава",?,?,8310
"Ленін Володимир Ілліч",?,?,8305
"АТБ-Маркет",?,?,8303
"Юридична особа",?,?,8292
"Адміністративне право",?,?,8283
"Релігія в Україні",?,?,8276
"Іменник",?,?,8275
"Борщ",?,?,8272
"План «Барбаросса»",?,?,8271
"Масова культура",?,?,8267
"Колабораціонізм",?,?,8263
"Коронавірусна хвороба 2019",?,?,8260
"Імунна система",?,?,8260
"Гончар Олесь Терентійович",?,?,8257
"Органічні сполуки",?,?,8243
"Іслам",?,?,8239
"Кінетична енергія",?,?,8233
"Суспільство",?,?,8226
"Скретч (мова програмування)",?,?,8218
"Внутрішнє вухо",?,?,8218
"Rozetka.ua",?,?,8213
"Третій Рейх",?,?,8199
"Опришки",?,?,8198
"Сон (поема)",?,?,8192
"Товариство з обмеженою відповідальністю",?,?,8190
"Фільварок",?,?,8187
"Людина",?,?,8171
"Амазонка",?,?,8155
"Хотинська фортеця",?,?,8152
"Причини Другої світової війни",?,?,8150
"Сітківка",?,?,8146
"Вірастюк Василь Ярославович",?,?,8140
"Родючість ґрунту",?,?,8138
"Сікорський Ігор Іванович",?,?,8136
"Вільям Шекспір",?,?,8136
"Види туризму",?,?,8127
